"Publisher","Product","Version","Build"
"Thomson Software Solutions","Software list","",""
"Thomson Software Solutions","Test Chart Software (Windows 7 or later)","",""
"Thomson Software Solutions","Visual Field Software (Windows 7 or later)","",""
"Thomson Software Solutions","Clinical Eye Tracker","",""
"Thomson Software Solutions","ReadEZ Software","",""
"SBK Softwareb¨¹ro Kasparek","» Home","",""
"SBK Softwareb¨¹ro Kasparek","» Leistungsspektrum","",""
"SBK Softwareb¨¹ro Kasparek","» Partner","",""
"SBK Softwareb¨¹ro Kasparek","» Kontakt","",""
"SBK Softwareb¨¹ro Kasparek","» Impressum","",""
"SBK Softwareb¨¹ro Kasparek","» Datenschutzerklärung","",""
"SBK Softwareb¨¹ro Kasparek","» für die Schweißtechnik","",""
"SBK Softwareb¨¹ro Kasparek","» WPS Report Win","",""
"SBK Softwareb¨¹ro Kasparek","» WPS Report Win (en)","",""
"SBK Softwareb¨¹ro Kasparek","» Test Equipment","",""
"Red Oak Software","Legacy Mobile - NEW","",""
"Red Oak Software","Legacy Integrator","",""
"Red Oak Software","Web Clipper - NEW","",""
"Red Oak Software","Web Integrator","",""
"Red Oak Software","HP Integrator","",""
"Red Oak Software","Unisys Integrator","",""
"Red Oak Software",".NET Bridge","",""
"Recool Studio","Any to HTML5 Converter","",""
"Recool Studio","SWF to Video Converter","",""
"Recool Studio","Professional SWF to AVI Converter","",""
"Recool Studio"," SWF to MP4 Converter","",""
"Recool Studio","SWF to Mobile Converter","",""
"Recool Studio","Free SWF to AVI Converter","",""
"Recool Studio","Free HTML5 Player","",""
"Probit Software","EqualizerPro","",""
"Probit Software","Easy Discount Pro","",""
"Probit Software","Easy Install Pro","",""
"Newera Software Technology","IconCool Studio ","",""
"Newera Software Technology","PDFCool Studio ","",""
"Newera Software Technology","ImageCool Converter ","",""
"Newera Software Technology","Graphics Converter Pro","",""
"Newera Software Technology","One of the Best Icon Editor  ","",""
"Newera Software Technology","Icon Creator Software","",""
"Michael Bauer Software","Category-Manager","",""
"Michael Bauer Software","OLKeeper","",""
"Michael Bauer Software","Reporter","",""
"Michael Bauer Software","ReplyAll","",""
"Michael Bauer Software","SAM","",""
"Metaware","refine Analytics","",""
"Metaware","zPLC and xPLC","",""
"Metaware","r4z ","",""
"Metaware","r4g ","",""
"Metaware","refine CBMS","",""
"PrivacyAnywhere Software","PestBlock","",""
"PrivacyAnywhere Software","Evidence Sweeper","",""
"PrivacyAnywhere Software","PestBlock Database File","",""
"PrivacyAnywhere Software","Evidence Sweeper Plug-ins","",""
"Xilisoft Corporation","MP4 Converter ","",""
"Xilisoft Corporation","MP4 Converter for Mac","",""
"Xilisoft Corporation","FLV Converter","",""
"Xilisoft Corporation","DVD to Audio Converter","",""
"Xilisoft Corporation","DVD to Audio Converter for Mac ","",""
"Xilisoft Corporation","Video Converter Ultimate","",""
"Xilisoft Corporation","Video Converter Ultimate for Mac ","",""
"Xilisoft Corporation","Video Converter Platinum","",""
"Xilisoft Corporation","Video Converter Platinum for Mac ","",""
"Xilisoft Corporation","Video Converter Standard","",""
"Xilisoft Corporation","Video Converter Standard for Mac ","",""
"Xilisoft Corporation","Video Converter Smart","",""
"Xilisoft Corporation","Video Converter Smart for Mac ","",""
"Xilisoft Corporation","iPhone Video Converter","",""
"Xilisoft Corporation","iPhone Video Converter for Mac ","",""
"Xilisoft Corporation","iPad Video Converter","",""
"Xilisoft Corporation","iPad Video Converter for Mac","",""
"Xilisoft Corporation","iPod Video Converter ","",""
"Xilisoft Corporation","iPod Video Converter for Mac ","",""
"Xilisoft Corporation","Video to Audio Converter ","",""
"Xilisoft Corporation","Mobile Video Converter","",""
"Xilisoft Corporation","3D Video Converter","",""
"Xilisoft Corporation","3D Video Converter for Mac","",""
"Xilisoft Corporation","3GP Video Converter ","",""
"Xilisoft Corporation","PSP Video Converter ","",""
"Xilisoft Corporation","AVI MPEG Converter","",""
"Xilisoft Corporation","MP4 to MP3 Converter","",""
"Xilisoft Corporation","MKV Converter","",""
"Xilisoft Corporation","MOV Converter","",""
"Xilisoft Corporation","RM Converter","",""
"Xilisoft Corporation","ASF Converter ","",""
"Xilisoft Corporation","AVCHD Converter","",""
"Xilisoft Corporation","DAT Converter","",""
"Xilisoft Corporation","DivX Converter","",""
"Xilisoft Corporation","DPG Converter","",""
"Xilisoft Corporation","FLV to 3GP Converter","",""
"Xilisoft Corporation","FLV to MOV Converter","",""
"Xilisoft Corporation","FLV to MPEG Converter","",""
"Xilisoft Corporation","FLV to SWF Converter","",""
"Xilisoft Corporation","FLV to WMV Converter","",""
"Xilisoft Corporation","MOV to FLV Converter","",""
"Xilisoft Corporation","MOV to MP4 Converter","",""
"Xilisoft Corporation","AVI to MOV Converter ","",""
"Xilisoft Corporation","AVI to SWF Converter","",""
"Xilisoft Corporation","Apple TV Video Converter  ","",""
"Xilisoft Corporation","Apple TV Video Converter for Mac ","",""
"Xilisoft Corporation","MTS Converter","",""
"Xilisoft Corporation","RMVB Converter","",""
"Xilisoft Corporation","SWF Converter","",""
"Xilisoft Corporation","Wii Converter","",""
"Xilisoft Corporation","WMV 3GP Converter ","",""
"Xilisoft Corporation","WMV MP4 Converter ","",""
"Xilisoft Corporation","Xbox Converter","",""
"Xilisoft Corporation","XviD Converter","",""
"Xilisoft Corporation","DVD to iPad Converter","",""
"Xilisoft Corporation","DVD to iPad Converter for Mac","",""
"Xilisoft Corporation","DVD to iPhone Converter","",""
"Xilisoft Corporation","DVD to iPhone Converter for Mac ","",""
"Xilisoft Corporation","DVD to iPod Converter","",""
"Xilisoft Corporation","DVD to iPod Converter for Mac ","",""
"Xilisoft Corporation","DVD to MP4 Converter ","",""
"Xilisoft Corporation","DVD to MP4 Converter for Mac ","",""
"Xilisoft Corporation","DVD to AVI Converter","",""
"Xilisoft Corporation","DVD to AVI Converter for Mac ","",""
"Xilisoft Corporation","DVD to DivX Converter","",""
"Xilisoft Corporation","DVD to DPG Converter","",""
"Xilisoft Corporation","DVD to PSP Converter ","",""
"Xilisoft Corporation","DVD to WMV Converter","",""
"Xilisoft Corporation","DVD to 3GP Converter","",""
"Xilisoft Corporation","DVD to Apple TV Converter ","",""
"Xilisoft Corporation","DVD to Apple TV Converter for Mac ","",""
"Xilisoft Corporation","DVD to Subtitle Converter","",""
"Xilisoft Corporation","Blu-ray to Video Converter","",""
"Xilisoft Corporation","Blu-ray to Video Converter mac","",""
"Xilisoft Corporation","Blu-ray to iPad Converter","",""
"Xilisoft Corporation","Blu-ray to MKV Converter ","",""
"Xilisoft Corporation","iPhone Magic Platinum","",""
"Xilisoft Corporation","iPhone Magic Platinum for Mac ","",""
"Xilisoft Corporation","iPhone Magic","",""
"Xilisoft Corporation","iPhone Magic for Mac","",""
"Xilisoft Corporation","iPhone Transfer ","",""
"Xilisoft Corporation","iPhone Transfer for Mac ","",""
"Xilisoft Corporation","iPhone Ringtone Maker","",""
"Xilisoft Corporation","iPhone Ringtone Maker for Mac","",""
"Xilisoft Corporation","iPhone SMS Backup","",""
"Xilisoft Corporation","iPhone SMS Backup for Mac","",""
"Xilisoft Corporation","iPhone Contacts Backup","",""
"Xilisoft Corporation","iPhone Contacts Backup for Mac","",""
"Xilisoft Corporation","iPhone Photo Transfer ","",""
"Xilisoft Corporation","iPhone Apps Transfer","",""
"Xilisoft Corporation","iPhone Apps Transfer for Mac","",""
"Xilisoft Corporation","iPad Magic Platinum ","",""
"Xilisoft Corporation","iPad Magic Platinum for Mac ","",""
"Xilisoft Corporation","iPad Magic","",""
"Xilisoft Corporation","iPad Magic for Mac","",""
"Xilisoft Corporation","iPad to PC Transfer","",""
"Xilisoft Corporation","iPad to Mac Transfer","",""
"Xilisoft Corporation","iPad PDF Transfer ","",""
"Xilisoft Corporation","iPad PDF Transfer for Mac ","",""
"Xilisoft Corporation","iPad Apps Transfer ","",""
"Xilisoft Corporation","iPad Apps Transfer for Mac","",""
"Xilisoft Corporation","iPod Magic Platinum ","",""
"Xilisoft Corporation","iPod Magic Platinum for Mac ","",""
"Xilisoft Corporation","iPod Magic","",""
"Xilisoft Corporation","iPod Magic for Mac ","",""
"Xilisoft Corporation","iPod Rip","",""
"Xilisoft Corporation","iPod Rip for Mac","",""
"Xilisoft Corporation","DVD Creator","",""
"Xilisoft Corporation","DVD Creator for Mac","",""
"Xilisoft Corporation","Video to DVD Converter","",""
"Xilisoft Corporation","Video to DVD Converter for Mac","",""
"Xilisoft Corporation","AVI to DVD Converter ","",""
"Xilisoft Corporation","AVI to DVD Converter for Mac ","",""
"Xilisoft Corporation","MP4 to DVD Converter","",""
"Xilisoft Corporation","MP4 to DVD Converter for Mac ","",""
"Xilisoft Corporation","DivX to DVD Converter","",""
"Xilisoft Corporation","DivX to DVD Converter for Mac","",""
"Xilisoft Corporation","MPEG to DVD Converter","",""
"Xilisoft Corporation","MPEG to DVD Converter for Mac ","",""
"Xilisoft Corporation","DVD Copy 2","",""
"Xilisoft Corporation","DVD Copy for Mac","",""
"Xilisoft Corporation","Blu-ray Creator 2","",""
"Xilisoft Corporation","Photo DVD Maker","",""
"Xilisoft Corporation","Photo DVD Maker for Mac","",""
"Xilisoft Corporation","1Click DV to DVD ","",""
"Xilisoft Corporation","Burn Pro","",""
"Xilisoft Corporation","ISO Maker","",""
"Xilisoft Corporation","ISO Pro","",""
"Xilisoft Corporation","ISO Burner","",""
"Xilisoft Corporation","YouTube Video Converter","",""
"Xilisoft Corporation","YouTube Video Converter Mac","",""
"Xilisoft Corporation","Download YouTube Video","",""
"Xilisoft Corporation","Download YouTube Video Mac ","",""
"Xilisoft Corporation","YouTube to iPad Converter","",""
"Xilisoft Corporation","YouTube to iPad Converter for Mac","",""
"Xilisoft Corporation","YouTube to iPhone Converter","",""
"Xilisoft Corporation","YouTube to iPhone Converter for Mac","",""
"Xilisoft Corporation","YouTube to iPod Converter ","",""
"Xilisoft Corporation","YouTube to iPod Converter Mac","",""
"Xilisoft Corporation","YouTube to MP3 Converter","",""
"Xilisoft Corporation","YouTube to MP3 Converter for Mac","",""
"Xilisoft Corporation","YouTube to iTunes Converter","",""
"Xilisoft Corporation","YouTube to iTunes Converter Mac","",""
"Xilisoft Corporation","YouTube to PSP Converter","",""
"Xilisoft Corporation","YouTube to PSP Converter for Mac","",""
"Xilisoft Corporation","YouTube HD Video Converter ","",""
"Xilisoft Corporation","YouTube HD Video Converter for Mac ","",""
"Xilisoft Corporation","YouTube HD Video Downloader ","",""
"Xilisoft Corporation","YouTube HD Video Downloader for Mac ","",""
"Xilisoft Corporation","Online Video Converter ","",""
"Xilisoft Corporation","Online Video Converter for Mac ","",""
"Xilisoft Corporation","Online Video Downloader ","",""
"Xilisoft Corporation","Online Video Downloader for Mac ","",""
"Xilisoft Corporation","Audio Converter Pro","",""
"Xilisoft Corporation","Audio Converter Pro for Mac ","",""
"Xilisoft Corporation","Audio Converter","",""
"Xilisoft Corporation","Audio Converter for Mac","",""
"Xilisoft Corporation","Audio Maker","",""
"Xilisoft Corporation","MP3 CD Burner","",""
"Xilisoft Corporation","MP3 Converter","",""
"Xilisoft Corporation","CD Ripper ","",""
"Xilisoft Corporation","MP3 WAV Converter ","",""
"Xilisoft Corporation","OGG MP3 Converter ","",""
"Xilisoft Corporation","WMA MP3 Converter","",""
"Xilisoft Corporation","FLAC Converter","",""
"Xilisoft Corporation","FLAC Converter for Mac","",""
"Xilisoft Corporation","Video Editor","",""
"Xilisoft Corporation","Video Editor 2  for Mac ","",""
"Xilisoft Corporation","Movie Maker","",""
"Xilisoft Corporation","Movie Maker for Mac","",""
"Xilisoft Corporation","Video Splitter","",""
"Xilisoft Corporation","Video Splitter for Mac ","",""
"Xilisoft Corporation","Video Joiner","",""
"Xilisoft Corporation","Video Joiner  for Mac ","",""
"Xilisoft Corporation","Video Cutter","",""
"Xilisoft Corporation","Video Cutter 2  for Mac","",""
"Xilisoft Corporation","AVI MPEG Joiner","",""
"Xilisoft Corporation","AVI MPEG Joiner for Mac ","",""
"Xilisoft Corporation","PowerPoint to Video Converter Business ","",""
"Xilisoft Corporation","PowerPoint to Video Converter Personal ","",""
"Xilisoft Corporation","PowerPoint to Video Converter Free ","",""
"Xilisoft Corporation","PowerPoint to DVD Business ","",""
"Xilisoft Corporation","PowerPoint to DVD Personal ","",""
"Xilisoft Corporation","PowerPoint to AVI Converter","",""
"Xilisoft Corporation","PowerPoint to YouTube Converter","",""
"Xilisoft Corporation","PowerPoint to MP4 Converter","",""
"Xilisoft Corporation","PowerPoint to WMV Converter","",""
"Xilisoft Corporation","PowerPoint to iPhone Converter","",""
"Xilisoft Corporation","PowerPoint to Flash","",""
"Xilisoft Corporation","PDF to PowerPoint Converter","",""
"Xilisoft Corporation","Photo to Flash ","",""
"Xilisoft Corporation","Photo Slideshow Maker","",""
"Xilisoft Corporation","Photo Slideshow Maker for Mac","",""
"Xilisoft Corporation","PDF to EPUB Converter","",""
"Xilisoft Corporation","PDF to PowerPoint Converter","",""
"Xilisoft Corporation","PDF to Word Converter ","",""
"Xilisoft Corporation","CHM to EPUB Converter","",""
"Xilisoft Corporation","HTML to EPUB Converter ","",""
"Xilisoft Corporation","Ringtone Maker","",""
"Xilisoft Corporation","Ringtone Maker for Mac","",""
"Xilisoft Corporation","BlackBerry Ringtone Maker","",""
"Xilisoft Corporation","Windows Mobile Ringtone Maker","",""
"Xilisoft Corporation","Video Snapshot for Mac","",""
"Xilisoft Corporation","DVD Snapshot for Mac","",""
"Xilisoft Corporation","Media Toolkit Deluxe","",""
"Xilisoft Corporation","Media Toolkit Deluxe for Mac","",""
"Xilisoft Corporation","iDevice Toolkit","",""
"Xilisoft Corporation","Media Toolkit Ultimate","",""
"Xilisoft Corporation","Media Toolkit Ultimate for Mac ","",""
"Xilisoft Corporation","DVD Toolkit Platinum","",""
"Xilisoft Corporation","DVD Pack Platinum ","",""
"Xilisoft Corporation","iPhone Software Suite ","",""
"Xilisoft Corporation","iPod Mate","",""
"Xilisoft Corporation","DVD to iPod Suite ","",""
"Xilisoft Corporation","DVD to PSP Suite","",""
"Xilisoft Corporation","DVD to 3GP Suite","",""
"Xilisoft Corporation","DVD to MP4 Suite ","",""
"Xilisoft Corporation","DVD to iPhone Suite","",""
"Xilisoft Corporation","Blu-ray to DVD Suite ","",""
"Xilisoft Corporation","Blu-ray to DVD Converter","",""
"Xilisoft Corporation","FLV to DVD Converter","",""
"Xilisoft Corporation","DVD Maker Suite ","",""
"Xilisoft Corporation","Audio Maker Suite","",""
"Xilisoft Corporation","DVD Pack Gold","",""
"Xilisoft Corporation","Media Toolkit Ultimate for Mac ","",""
"Xilisoft Corporation","Mac DVD Toolkit","",""
"Xilisoft Corporation","iPhone Software Suite for Mac","",""
"Xilisoft Corporation","DVD to iPhone Suite for Mac","",""
"Xilisoft Corporation","iPod Mate for Mac","",""
"Xilisoft Corporation","DVD to Video Ultimate","",""
"Xilisoft Corporation","DVD to Video Ultimate for Mac","",""
"Xilisoft Corporation","DVD to Video Platinum","",""
"Xilisoft Corporation","DVD to Video Platinum for Mac","",""
"Xilisoft Corporation","DVD to Video Standard","",""
"Xilisoft Corporation","DVD to Video Standard for Mac","",""
"Xilisoft Corporation","DVD to Video Ultimate for Mac","",""
"Xilisoft Corporation","DVD to Video Standard for Mac","",""
"Xilisoft Corporation","DVD to Video Platinum for Mac","",""
"Xilisoft Corporation","Media Toolkit Deluxe for Mac","",""
"Xilisoft Corporation","HEVC/H.265 Converter","",""
"Xilisoft Corporation","HEVC-H.265 Converter for Mac","",""
